name,website,country,hq_city,sells,online,notes
APMEX,https://www.apmex.com/,US,"Oklahoma City, OK","Coins, bars, rounds",true,
JM Bullion,https://www.jmbullion.com/,US,Texas,"Coins, bars, rounds",true,
SD Bullion,https://sdbullion.com/,US,Ohio,"Coins, bars, rounds",true,
Money Metals Exchange,https://www.moneymetals.com/,US,Idaho,"Coins, bars, rounds, storage",true,
Miles Franklin,https://www.milesfranklin.com/,US,Minnesota,"Coins, bars, storage",true,
Kitco,https://www.kitco.com/,CA,"Montreal, QC","Coins, bars",true,
Silver Gold Bull,https://silvergoldbull.ca/,CA,"Calgary, AB","Coins, bars, storage",true,
Sprott Money,https://www.sprottmoney.com/,CA,"Toronto, ON","Coins, bars, storage",true,
Royal Canadian Mint (online store),https://www.mint.ca/,CA,"Ottawa, ON","Coins, bars",true,Sells its own products directly
